size,sdscale,partition_type,time
2,1,p1,0.1299999998882413
2,1,p2,0.13000000012107193
2,1,p1,0.12000000011175871
2,1,p2,0.12000000011175871
2,1,p1,0.1299999998882413
2,1,p2,0.1299999998882413
2,1,p1,0.1299999998882413
2,1,p2,0.11000000010244548
2,1,p1,0.13000000012107193
2,1,p2,0.13000000012107193
2,1,p1,0.1299999998882413
2,1,p2,0.1299999998882413
2,1,p1,0.10999999986961484
2,1,p2,0.1299999998882413
2,1,p1,0.14000000013038516
2,1,p2,0.12000000011175871
2,1,p1,0.1299999998882413
2,1,p2,0.13999999989755452
2,1,p1,0.14000000013038516
2,1,p2,0.13000000012107193
2,2,p1,0.1299999998882413
2,2,p2,0.10999999986961484
2,2,p1,0.11999999987892807
2,2,p2,0.1299999998882413
2,2,p1,0.11000000010244548
2,2,p2,0.12000000011175871
2,2,p1,0.10000000009313226
2,2,p2,0.11999999987892807
2,2,p1,0.11999999987892807
2,2,p2,0.10999999986961484
2,2,p1,0.12000000011175871
2,2,p2,0.12000000011175871
2,2,p1,0.13000000012107193
2,2,p2,0.12000000011175871
2,2,p1,0.1299999998882413
2,2,p2,0.1299999998882413
2,2,p1,0.1299999998882413
2,2,p2,0.11000000010244548
2,2,p1,0.13000000012107193
2,2,p2,0.11000000010244548
2,3,p1,0.1299999998882413
2,3,p2,0.1299999998882413
2,3,p1,0.11999999987892807
2,3,p2,0.1299999998882413
2,3,p1,0.11000000010244548
2,3,p2,0.11000000010244548
2,3,p1,0.12000000011175871
2,3,p2,0.10999999986961484
2,3,p1,0.11999999987892807
2,3,p2,0.11999999987892807
2,3,p1,0.12000000011175871
2,3,p2,0.12000000011175871
2,3,p1,0.11000000010244548
2,3,p2,0.12000000011175871
2,3,p1,0.11999999987892807
2,3,p2,0.10999999986961484
2,3,p1,0.1299999998882413
2,3,p2,0.11000000010244548
2,3,p1,0.13000000012107193
2,3,p2,0.13000000012107193
2,4,p1,0.12000000011175871
2,4,p2,0.10999999986961484
2,4,p1,0.1299999998882413
2,4,p2,0.1299999998882413
2,4,p1,0.11000000010244548
2,4,p2,0.11000000010244548
2,4,p1,0.13000000012107193
2,4,p2,0.12000000011175871
2,4,p1,0.1299999998882413
2,4,p2,0.1299999998882413
2,4,p1,0.1299999998882413
2,4,p2,0.11000000010244548
2,4,p1,0.13000000012107193
2,4,p2,0.13000000012107193
2,4,p1,0.1299999998882413
2,4,p2,0.1299999998882413
2,4,p1,0.1299999998882413
2,4,p2,0.1299999998882413
2,4,p1,0.12000000011175871
2,4,p2,0.11000000010244548
2,5,p1,0.12000000011175871
2,5,p2,0.10999999986961484
2,5,p1,0.1299999998882413
2,5,p2,0.10999999986961484
2,5,p1,0.13000000012107193
2,5,p2,0.13000000012107193
2,5,p1,0.12000000011175871
2,5,p2,0.1299999998882413
2,5,p1,0.11999999987892807
2,5,p2,0.1299999998882413
2,5,p1,0.12000000011175871
2,5,p2,0.11000000010244548
2,5,p1,0.13000000012107193
2,5,p2,0.12000000011175871
2,5,p1,0.1299999998882413
2,5,p2,0.1299999998882413
2,5,p1,0.1299999998882413
2,5,p2,0.13000000012107193
2,5,p1,0.13000000012107193
2,5,p2,0.11000000010244548
2,6,p1,0.1299999998882413
2,6,p2,0.10999999986961484
2,6,p1,0.1299999998882413
2,6,p2,0.12000000011175871
2,6,p1,0.11000000010244548
2,6,p2,0.13000000012107193
2,6,p1,0.12000000011175871
2,6,p2,0.10999999986961484
2,6,p1,0.1299999998882413
2,6,p2,0.1299999998882413
2,6,p1,0.12000000011175871
2,6,p2,0.11000000010244548
2,6,p1,0.13000000012107193
2,6,p2,0.12000000011175871
2,6,p1,0.10999999986961484
2,6,p2,0.10999999986961484
2,6,p1,0.1299999998882413
2,6,p2,0.11000000010244548
2,6,p1,0.13000000012107193
2,6,p2,0.11000000010244548
3,1,p1,0.1299999998882413
3,1,p2,0.1299999998882413
3,1,p1,0.11999999987892807
3,1,p2,0.1299999998882413
3,1,p1,0.11000000010244548
3,1,p2,0.12000000011175871
3,1,p1,0.12000000011175871
3,1,p2,0.11999999987892807
3,1,p1,0.25
3,1,p2,0.22999999998137355
3,1,p1,0.12000000011175871
3,1,p2,0.13000000012107193
3,1,p1,0.13000000012107193
3,1,p2,0.11000000010244548
3,1,p1,0.1299999998882413
3,1,p2,0.1299999998882413
3,1,p1,0.1299999998882413
3,1,p2,0.11000000010244548
3,1,p1,0.12000000011175871
3,1,p2,0.10000000009313226
3,2,p1,0.25
3,2,p2,0.25
3,2,p1,0.25
3,2,p2,0.25
3,2,p1,0.25
3,2,p2,0.25
3,2,p1,0.25
3,2,p2,0.25
3,2,p1,0.2300000002142042
3,2,p2,0.25
3,2,p1,0.12000000011175871
3,2,p2,0.13999999989755452
3,2,p1,0.25
3,2,p2,0.25
3,2,p1,0.25
3,2,p2,0.25
3,2,p1,0.25
3,2,p2,0.25
3,2,p1,0.23999999999068677
3,2,p2,0.25
3,3,p1,0.25
3,3,p2,0.25
3,3,p1,0.25
3,3,p2,0.25
3,3,p1,0.40999999991618097
3,3,p2,0.25
3,3,p1,0.25
3,3,p2,0.25
3,3,p1,0.25
3,3,p2,0.25
3,3,p1,0.25
3,3,p2,0.22999999998137355
3,3,p1,0.25
3,3,p2,0.22999999998137355
3,3,p1,0.25
3,3,p2,0.22999999998137355
3,3,p1,0.25
3,3,p2,0.22999999998137355
3,3,p1,0.1299999998882413
3,3,p2,0.12000000011175871
3,4,p1,0.13000000012107193
3,4,p2,0.13000000012107193
3,4,p1,0.25
3,4,p2,0.25
3,4,p1,0.25
3,4,p2,0.25
3,4,p1,0.25
3,4,p2,0.25
3,4,p1,0.25
3,4,p2,0.2600000000093132
3,4,p1,0.25
3,4,p2,0.25
3,4,p1,0.23999999999068677
3,4,p2,0.25
3,4,p1,0.25
3,4,p2,0.25
3,4,p1,0.25
3,4,p2,0.25
3,4,p1,0.23999999999068677
3,4,p2,0.2600000000093132
3,5,p1,0.22999999998137355
3,5,p2,0.25
3,5,p1,0.25
3,5,p2,0.25
3,5,p1,0.25
3,5,p2,0.25
3,5,p1,0.10999999986961484
3,5,p2,0.11999999987892807
3,5,p1,0.25
3,5,p2,0.27000000001862645
3,5,p1,0.22999999998137355
3,5,p2,0.25
3,5,p1,0.25
3,5,p2,0.25
3,5,p1,0.25
3,5,p2,0.2800000000279397
3,5,p1,0.3200000000651926
3,5,p2,0.27000000001862645
3,5,p1,0.27000000001862645
3,5,p2,0.23999999999068677
3,6,p1,0.2600000000093132
3,6,p2,0.25
3,6,p1,0.25
3,6,p2,0.23999999999068677
3,6,p1,0.25
3,6,p2,0.25
3,6,p1,0.27000000001862645
3,6,p2,0.2600000000093132
3,6,p1,0.25
3,6,p2,0.25
3,6,p1,0.25
3,6,p2,0.25
3,6,p1,0.25
3,6,p2,0.25
3,6,p1,0.12000000011175871
3,6,p2,0.12000000011175871
3,6,p1,0.22999999998137355
3,6,p2,0.25
3,6,p1,0.23999999999068677
3,6,p2,0.27000000001862645
4,1,p1,0.25
4,1,p2,0.25
4,1,p1,0.10999999986961484
4,1,p2,0.11999999987892807
4,1,p1,0.11999999987892807
4,1,p2,0.11000000010244548
4,1,p1,0.25
4,1,p2,0.25
4,1,p1,0.1299999998882413
4,1,p2,0.1299999998882413
4,1,p1,0.11999999987892807
4,1,p2,0.1299999998882413
4,1,p1,0.12000000011175871
4,1,p2,0.12000000011175871
4,1,p1,0.3700000001117587
4,1,p2,0.11999999987892807
4,1,p1,0.10999999986961484
4,1,p2,0.1299999998882413
4,1,p1,0.12000000011175871
4,1,p2,0.13000000012107193
4,2,p1,0.25
4,2,p2,0.25
4,2,p1,0.3799999998882413
4,2,p2,0.3799999998882413
4,2,p1,0.25
4,2,p2,0.27000000001862645
4,2,p1,0.3600000001024455
4,2,p2,0.3799999998882413
4,2,p1,0.36999999987892807
4,2,p2,0.3700000001117587
4,2,p1,0.38000000012107193
4,2,p2,0.3700000001117587
4,2,p1,0.25
4,2,p2,0.22999999998137355
4,2,p1,0.25
4,2,p2,0.25
4,2,p1,0.12000000011175871
4,2,p2,0.12000000011175871
4,2,p1,0.25
4,2,p2,0.22999999998137355
4,3,p1,0.3799999998882413
4,3,p2,0.38000000012107193
4,3,p1,0.3700000001117587
4,3,p2,0.3700000001117587
4,3,p1,0.25
4,3,p2,0.25
4,3,p1,0.3700000001117587
4,3,p2,0.38000000012107193
4,3,p1,0.25
4,3,p2,0.25
4,3,p1,0.36999999987892807
4,3,p2,0.3799999998882413
4,3,p1,0.38000000012107193
4,3,p2,0.38000000012107193
4,3,p1,0.12000000011175871
4,3,p2,0.1299999998882413
4,3,p1,0.36999999987892807
4,3,p2,0.5499999998137355
4,3,p1,0.3799999998882413
4,3,p2,0.35999999986961484
4,4,p1,0.38000000012107193
4,4,p2,0.3600000001024455
4,4,p1,0.35000000009313226
4,4,p2,0.36999999987892807
4,4,p1,0.3799999998882413
4,4,p2,0.35999999986961484
4,4,p1,0.25
4,4,p2,0.25
4,4,p1,0.25
4,4,p2,0.25
4,4,p1,0.35999999986961484
4,4,p2,0.3799999998882413
4,4,p1,0.11000000010244548
4,4,p2,0.13000000012107193
4,4,p1,0.38000000012107193
4,4,p2,0.3799999998882413
4,4,p1,0.25
4,4,p2,0.25
4,4,p1,0.3700000001117587
4,4,p2,0.38000000012107193
4,5,p1,0.25
4,5,p2,0.25
4,5,p1,0.3799999998882413
4,5,p2,0.39999999990686774
4,5,p1,0.25
4,5,p2,0.25
4,5,p1,0.3700000001117587
4,5,p2,0.3799999998882413
4,5,p1,0.3899999998975545
4,5,p2,0.3700000001117587
4,5,p1,0.38000000012107193
4,5,p2,0.3600000001024455
4,5,p1,0.3899999998975545
4,5,p2,0.35999999986961484
4,5,p1,0.3799999998882413
4,5,p2,0.38000000012107193
4,5,p1,0.25
4,5,p2,0.25
4,5,p1,0.23999999999068677
4,5,p2,0.25
4,6,p1,0.35999999986961484
4,6,p2,0.38000000012107193
4,6,p1,0.3700000001117587
4,6,p2,0.3700000001117587
4,6,p1,0.25
4,6,p2,0.25
4,6,p1,0.3700000001117587
4,6,p2,0.38000000012107193
4,6,p1,0.22999999998137355
4,6,p2,0.2600000000093132
4,6,p1,0.3899999998975545
4,6,p2,0.3799999998882413
4,6,p1,0.3700000001117587
4,6,p2,0.3600000001024455
4,6,p1,0.25
4,6,p2,0.25
4,6,p1,0.3799999998882413
4,6,p2,0.3600000001024455
4,6,p1,0.25
4,6,p2,0.25
5,1,p1,0.11999999987892807
5,1,p2,0.11999999987892807
5,1,p1,0.25
5,1,p2,0.25
5,1,p1,0.13000000012107193
5,1,p2,0.13000000012107193
5,1,p1,0.3700000001117587
5,1,p2,0.3899999998975545
5,1,p1,0.2600000000093132
5,1,p2,0.27000000001862645
5,1,p1,0.11000000010244548
5,1,p2,0.12000000011175871
5,1,p1,0.15999999991618097
5,1,p2,0.11999999987892807
5,1,p1,0.3899999998975545
5,1,p2,0.38000000012107193
5,1,p1,0.12000000011175871
5,1,p2,0.1299999998882413
5,1,p1,0.36999999987892807
5,1,p2,0.3799999998882413
5,2,p1,0.38000000012107193
5,2,p2,0.3700000001117587
5,2,p1,0.5
5,2,p2,0.5
5,2,p1,0.36999999987892807
5,2,p2,0.5300000000279397
5,2,p1,0.3899999998975545
5,2,p2,0.3700000001117587
5,2,p1,0.13000000012107193
5,2,p2,0.13000000012107193
5,2,p1,0.3799999998882413
5,2,p2,0.36999999987892807
5,2,p1,0.3799999998882413
5,2,p2,0.38000000012107193
5,2,p1,0.25
5,2,p2,0.22999999998137355
5,2,p1,0.36999999987892807
5,2,p2,0.3799999998882413
5,2,p1,0.3799999998882413
5,2,p2,0.3700000001117587
5,3,p1,0.38000000012107193
5,3,p2,0.3799999998882413
5,3,p1,0.36999999987892807
5,3,p2,0.3799999998882413
5,3,p1,0.5
5,3,p2,0.5
5,3,p1,0.5
5,3,p2,0.5
5,3,p1,0.3799999998882413
5,3,p2,0.40999999991618097
5,3,p1,0.5
5,3,p2,0.47999999998137355
5,3,p1,0.25
5,3,p2,0.22999999998137355
5,3,p1,0.3799999998882413
5,3,p2,0.38000000012107193
5,3,p1,0.5
5,3,p2,0.47999999998137355
5,3,p1,0.4899999999906868
5,3,p2,0.5
5,4,p1,0.5
5,4,p2,0.5
5,4,p1,0.4899999999906868
5,4,p2,0.5
5,4,p1,0.1299999998882413
5,4,p2,0.1299999998882413
5,4,p1,0.47999999998137355
5,4,p2,0.5
5,4,p1,0.47999999998137355
5,4,p2,0.5
5,4,p1,0.36999999987892807
5,4,p2,0.3799999998882413
5,4,p1,0.3799999998882413
5,4,p2,0.3700000001117587
5,4,p1,0.39000000013038516
5,4,p2,0.35999999986961484
5,4,p1,0.4899999999906868
5,4,p2,0.5
5,4,p1,0.38000000012107193
5,4,p2,0.3600000001024455
5,5,p1,0.5
5,5,p2,0.47999999998137355
5,5,p1,0.3799999998882413
5,5,p2,0.3799999998882413
5,5,p1,0.47999999998137355
5,5,p2,0.5200000000186265
5,5,p1,0.5
5,5,p2,0.5
5,5,p1,0.47999999998137355
5,5,p2,0.5
5,5,p1,0.5
5,5,p2,0.5
5,5,p1,0.47999999998137355
5,5,p2,0.5
5,5,p1,0.5500000000465661
5,5,p2,0.3799999998882413
5,5,p1,0.36999999987892807
5,5,p2,0.3700000001117587
5,5,p1,0.5
5,5,p2,0.4899999999906868
5,6,p1,0.5
5,6,p2,0.5
5,6,p1,0.5
5,6,p2,0.4899999999906868
5,6,p1,0.3700000001117587
5,6,p2,0.38000000012107193
5,6,p1,0.5
5,6,p2,0.5
5,6,p1,0.5
5,6,p2,0.5200000000186265
5,6,p1,0.5
5,6,p2,0.5
5,6,p1,0.36999999987892807
5,6,p2,0.3799999998882413
5,6,p1,0.3799999998882413
5,6,p2,0.39000000013038516
5,6,p1,0.5
5,6,p2,0.5
5,6,p1,0.4899999999906868
5,6,p2,0.47999999998137355
6,1,p1,0.1299999998882413
6,1,p2,0.11000000010244548
6,1,p1,0.38000000012107193
6,1,p2,0.3700000001117587
6,1,p1,0.11999999987892807
6,1,p2,0.10999999986961484
6,1,p1,0.1299999998882413
6,1,p2,0.12000000011175871
6,1,p1,0.38000000012107193
6,1,p2,0.3600000001024455
6,1,p1,0.3899999998975545
6,1,p2,0.3899999998975545
6,1,p1,0.1299999998882413
6,1,p2,0.11000000010244548
6,1,p1,0.11000000010244548
6,1,p2,0.13000000012107193
6,1,p1,0.11000000010244548
6,1,p2,0.1299999998882413
6,1,p1,0.10999999986961484
6,1,p2,0.1299999998882413
6,2,p1,0.3700000001117587
6,2,p2,0.38000000012107193
6,2,p1,0.3600000001024455
6,2,p2,0.3799999998882413
6,2,p1,0.36999999987892807
6,2,p2,0.3700000001117587
6,2,p1,0.38000000012107193
6,2,p2,0.3700000001117587
6,2,p1,0.36999999987892807
6,2,p2,0.3899999998975545
6,2,p1,0.25
6,2,p2,0.25
6,2,p1,0.47999999998137355
6,2,p2,0.5
6,2,p1,0.36999999987892807
6,2,p2,0.35999999986961484
6,2,p1,0.25
6,2,p2,0.25
6,2,p1,0.12000000011175871
6,2,p2,0.12000000011175871
6,3,p1,0.6399999998975545
6,3,p2,0.6099999998696148
6,3,p1,0.3799999998882413
6,3,p2,0.39000000013038516
6,3,p1,0.38000000012107193
6,3,p2,0.3799999998882413
6,3,p1,0.5
6,3,p2,0.5
6,3,p1,0.5
6,3,p2,0.5
6,3,p1,0.25
6,3,p2,0.5200000000186265
6,3,p1,0.47999999998137355
6,3,p2,0.5100000000093132
6,3,p1,0.25
6,3,p2,0.4199999999254942
6,3,p1,0.6300000001210719
6,3,p2,0.6300000001210719
6,3,p1,0.6100000001024455
6,3,p2,0.6099999998696148
6,4,p1,0.25
6,4,p2,0.25
6,4,p1,0.5
6,4,p2,0.5
6,4,p1,0.4899999999906868
6,4,p2,0.5
6,4,p1,0.36999999987892807
6,4,p2,0.3700000001117587
6,4,p1,0.5
6,4,p2,0.5
6,4,p1,0.5200000000186265
6,4,p2,0.5800000000745058
6,4,p1,1.0800000000745058
6,4,p2,0.8600000001024455
6,4,p1,0.5700000000651926
6,4,p2,0.6099999998696148
6,4,p1,0.6499999999068677
6,4,p2,0.6000000000931323
6,4,p1,0.4599999999627471
6,4,p2,0.47999999998137355
6,5,p1,0.47999999998137355
6,5,p2,0.4699999999720603
6,5,p1,0.6999999999534339
6,5,p2,0.6799999999348074
6,5,p1,0.5400000000372529
6,5,p2,0.5600000000558794
6,5,p1,0.5400000000372529
6,5,p2,0.5300000000279397
6,5,p1,0.6700000001583248
6,5,p2,0.6899999999441206
6,5,p1,0.7000000001862645
6,5,p2,0.6499999999068677
6,5,p1,0.7099999999627471
6,5,p2,0.659999999916181
6,5,p1,0.39999999990686774
6,5,p2,0.42000000015832484
6,5,p1,0.5300000000279397
6,5,p2,0.5100000000093132
6,5,p1,0.5700000000651926
6,5,p2,0.5100000000093132
6,6,p1,0.5500000000465661
6,6,p2,0.5200000000186265
6,6,p1,0.6799999999348074
6,6,p2,0.659999999916181
6,6,p1,0.39000000013038516
6,6,p2,0.40999999991618097
6,6,p1,0.5200000000186265
6,6,p2,0.5300000000279397
6,6,p1,0.6499999999068677
6,6,p2,0.6899999999441206
6,6,p1,0.7099999999627471
6,6,p2,0.5300000000279397
6,6,p1,0.5
6,6,p2,0.6500000001396984
6,6,p1,0.6399999998975545
6,6,p2,0.6399999998975545
6,6,p1,0.42000000015832484
6,6,p2,0.3899999998975545
6,6,p1,0.659999999916181
6,6,p2,0.6600000001490116
7,1,p1,0.25
7,1,p2,0.2800000000279397
7,1,p1,0.4000000001396984
7,1,p2,0.39999999990686774
7,1,p1,0.1299999998882413
7,1,p2,0.15999999991618097
7,1,p1,0.14000000013038516
7,1,p2,0.12000000011175871
7,1,p1,0.13999999989755452
7,1,p2,0.1299999998882413
7,1,p1,0.4400000001769513
7,1,p2,0.43999999994412065
7,1,p1,0.4000000001396984
7,1,p2,0.4100000001490116
7,1,p1,0.11999999987892807
7,1,p2,0.13999999989755452
7,1,p1,0.27000000001862645
7,1,p2,0.27999999979510903
7,1,p1,0.4299999999348074
7,1,p2,0.43000000016763806
7,2,p1,0.840000000083819
7,2,p2,0.8300000000745058
7,2,p1,0.43999999994412065
7,2,p2,0.39000000013038516
7,2,p1,0.5500000000465661
7,2,p2,0.5600000000558794
7,2,p1,0.5100000000093132
7,2,p2,0.5600000000558794
7,2,p1,0.5199999997857958
7,2,p2,0.5300000000279397
7,2,p1,0.4199999999254942
7,2,p2,0.43999999994412065
7,2,p1,0.6899999999441206
7,2,p2,0.7199999999720603
7,2,p1,0.47999999998137355
7,2,p2,0.5
7,2,p1,0.36999999987892807
7,2,p2,0.3799999998882413
7,2,p1,0.38000000012107193
7,2,p2,0.3700000001117587
7,3,p1,0.5
7,3,p2,0.5
7,3,p1,0.3799999998882413
7,3,p2,0.3799999998882413
7,3,p1,0.3700000001117587
7,3,p2,0.3600000001024455
7,3,p1,0.3700000001117587
7,3,p2,0.3799999998882413
7,3,p1,0.6199999998789281
7,3,p2,0.6200000001117587
7,3,p1,0.6200000001117587
7,3,p2,0.6300000001210719
7,3,p1,0.4899999999906868
7,3,p2,0.5
7,3,p1,0.6099999998696148
7,3,p2,0.779999999795109
7,3,p1,0.5
7,3,p2,0.47999999998137355
7,3,p1,0.6300000001210719
7,3,p2,0.6100000001024455
7,4,p1,0.3700000001117587
7,4,p2,0.6199999998789281
7,4,p1,0.5
7,4,p2,0.47999999998137355
7,4,p1,0.7700000000186265
7,4,p2,0.75
7,4,p1,0.7399999999906868
7,4,p2,0.75
7,4,p1,0.6099999998696148
7,4,p2,0.6299999998882413
7,4,p1,0.47999999998137355
7,4,p2,0.5
7,4,p1,0.6200000001117587
7,4,p2,0.6399999998975545
7,4,p1,0.5
7,4,p2,0.47999999998137355
7,4,p1,0.6300000001210719
7,4,p2,0.6200000001117587
7,4,p1,0.5
7,4,p2,0.75
7,5,p1,0.75
7,5,p2,0.75
7,5,p1,0.4899999999906868
7,5,p2,0.5
7,5,p1,0.6199999998789281
7,5,p2,0.6299999998882413
7,5,p1,0.6099999998696148
7,5,p2,0.6300000001210719
7,5,p1,0.7299999999813735
7,5,p2,0.6299999998882413
7,5,p1,0.5
7,5,p2,0.4899999999906868
7,5,p1,0.27000000001862645
7,5,p2,0.25
7,5,p1,0.5
7,5,p2,0.5
7,5,p1,0.6100000001024455
7,5,p2,0.6200000001117587
7,5,p1,0.6000000000931323
7,5,p2,0.6199999998789281
7,6,p1,0.4899999999906868
7,6,p2,0.5
7,6,p1,0.9000000001396984
7,6,p2,0.7299999999813735
7,6,p1,0.6300000001210719
7,6,p2,0.6100000001024455
7,6,p1,0.6200000001117587
7,6,p2,0.6099999998696148
7,6,p1,0.6199999998789281
7,6,p2,0.6299999998882413
7,6,p1,0.6100000001024455
7,6,p2,0.6300000001210719
7,6,p1,0.75
7,6,p2,0.75
7,6,p1,0.6299999998882413
7,6,p2,0.6299999998882413
7,6,p1,0.6200000001117587
7,6,p2,0.6100000001024455
7,6,p1,0.75
7,6,p2,0.7299999999813735
8,1,p1,0.10999999986961484
8,1,p2,0.10999999986961484
8,1,p1,0.39000000013038516
8,1,p2,0.39000000013038516
8,1,p1,0.3700000001117587
8,1,p2,0.3799999998882413
8,1,p1,0.11999999987892807
8,1,p2,0.12000000011175871
8,1,p1,0.12000000011175871
8,1,p2,0.13000000012107193
8,1,p1,0.3600000001024455
8,1,p2,0.3899999998975545
8,1,p1,0.10999999986961484
8,1,p2,0.12000000011175871
8,1,p1,0.38000000012107193
8,1,p2,0.3700000001117587
8,1,p1,0.11999999987892807
8,1,p2,0.10999999986961484
8,1,p1,0.1299999998882413
8,1,p2,0.11000000010244548
8,2,p1,0.3600000001024455
8,2,p2,0.39000000013038516
8,2,p1,0.3799999998882413
8,2,p2,0.3899999998975545
8,2,p1,0.5
8,2,p2,0.47999999998137355
8,2,p1,0.38000000012107193
8,2,p2,0.3799999998882413
8,2,p1,0.5
8,2,p2,0.47999999998137355
8,2,p1,0.5
8,2,p2,0.5100000000093132
8,2,p1,0.39000000013038516
8,2,p2,0.35999999986961484
8,2,p1,0.3899999998975545
8,2,p2,0.3700000001117587
8,2,p1,0.6100000001024455
8,2,p2,0.6300000001210719
8,2,p1,0.6100000001024455
8,2,p2,0.6299999998882413
8,3,p1,0.6099999998696148
8,3,p2,0.6299999998882413
8,3,p1,0.5400000000372529
8,3,p2,0.3600000001024455
8,3,p1,0.5100000000093132
8,3,p2,0.5
8,3,p1,0.6299999998882413
8,3,p2,0.6199999998789281
8,3,p1,0.3700000001117587
8,3,p2,0.38000000012107193
8,3,p1,0.6200000001117587
8,3,p2,0.6199999998789281
8,3,p1,0.6299999998882413
8,3,p2,0.6299999998882413
8,3,p1,0.6100000001024455
8,3,p2,0.6200000001117587
8,3,p1,0.47999999998137355
8,3,p2,0.5
8,3,p1,0.6299999998882413
8,3,p2,0.6299999998882413
8,4,p1,0.75
8,4,p2,0.7299999999813735
8,4,p1,0.6399999998975545
8,4,p2,0.6299999998882413
8,4,p1,0.6199999998789281
8,4,p2,0.6400000001303852
8,4,p1,0.3600000001024455
8,4,p2,0.3700000001117587
8,4,p1,0.75
8,4,p2,0.7299999999813735
8,4,p1,0.75
8,4,p2,0.7600000000093132
8,4,p1,0.75
8,4,p2,0.75
8,4,p1,0.5200000000186265
8,4,p2,0.5
8,4,p1,0.6300000001210719
8,4,p2,0.6100000001024455
8,4,p1,0.6299999998882413
8,4,p2,0.6199999998789281
8,5,p1,0.75
8,5,p2,0.6299999998882413
8,5,p1,0.5
8,5,p2,0.5
8,5,p1,0.6100000001024455
8,5,p2,0.8000000000465661
8,5,p1,0.6200000001117587
8,5,p2,0.6100000001024455
8,5,p1,0.3700000001117587
8,5,p2,0.3799999998882413
8,5,p1,0.75
8,5,p2,0.75
8,5,p1,0.6100000001024455
8,5,p2,0.6300000001210719
8,5,p1,0.6100000001024455
8,5,p2,0.6299999998882413
8,5,p1,0.6099999998696148
8,5,p2,0.6299999998882413
8,5,p1,0.7299999999813735
8,5,p2,0.75
8,6,p1,0.6299999998882413
8,6,p2,0.6299999998882413
8,6,p1,0.75
8,6,p2,0.75
8,6,p1,0.6300000001210719
8,6,p2,0.6200000001117587
8,6,p1,0.6099999998696148
8,6,p2,0.6199999998789281
8,6,p1,0.6099999998696148
8,6,p2,0.6600000001490116
8,6,p1,0.8600000001024455
8,6,p2,0.909999999916181
8,6,p1,0.7600000000093132
8,6,p2,0.7299999999813735
8,6,p1,0.75
8,6,p2,0.7299999999813735
8,6,p1,0.7600000000093132
8,6,p2,0.75
8,6,p1,0.7300000002142042
8,6,p2,0.75
9,1,p1,0.38000000012107193
9,1,p2,0.3799999998882413
9,1,p1,0.36999999987892807
9,1,p2,0.5399999998044223
9,1,p1,0.36999999987892807
9,1,p2,0.3799999998882413
9,1,p1,0.38000000012107193
9,1,p2,0.3700000001117587
9,1,p1,0.3700000001117587
9,1,p2,0.36999999987892807
9,1,p1,0.36999999987892807
9,1,p2,0.3600000001024455
9,1,p1,0.25
9,1,p2,0.25
9,1,p1,0.3799999998882413
9,1,p2,0.3899999998975545
9,1,p1,0.1299999998882413
9,1,p2,0.12000000011175871
9,1,p1,0.38000000012107193
9,1,p2,0.3700000001117587
9,2,p1,0.35999999986961484
9,2,p2,0.3799999998882413
9,2,p1,0.3799999998882413
9,2,p2,0.39000000013038516
9,2,p1,0.6100000001024455
9,2,p2,0.6400000001303852
9,2,p1,0.6199999998789281
9,2,p2,0.6299999998882413
9,2,p1,0.3799999998882413
9,2,p2,0.3700000001117587
9,2,p1,0.75
9,2,p2,0.7399999999906868
9,2,p1,0.36999999987892807
9,2,p2,0.3799999998882413
9,2,p1,0.38000000012107193
9,2,p2,0.3700000001117587
9,2,p1,0.47999999998137355
9,2,p2,0.5
9,2,p1,0.3799999998882413
9,2,p2,0.3799999998882413
9,3,p1,0.6100000001024455
9,3,p2,0.6200000001117587
9,3,p1,0.47999999998137355
9,3,p2,0.5
9,3,p1,0.5
9,3,p2,0.5
9,3,p1,0.7299999999813735
9,3,p2,0.75
9,3,p1,0.3700000001117587
9,3,p2,0.3799999998882413
9,3,p1,0.36999999987892807
9,3,p2,0.3600000001024455
9,3,p1,0.75
9,3,p2,0.75
9,3,p1,0.7399999999906868
9,3,p2,0.75
9,3,p1,0.75
9,3,p2,0.9199999999254942
9,3,p1,0.6199999998789281
9,3,p2,0.6100000001024455
9,4,p1,0.6200000001117587
9,4,p2,0.6200000001117587
9,4,p1,0.6200000001117587
9,4,p2,0.6099999998696148
9,4,p1,0.6299999998882413
9,4,p2,0.6299999998882413
9,4,p1,0.6100000001024455
9,4,p2,0.6300000001210719
9,4,p1,0.6100000001024455
9,4,p2,0.6299999998882413
9,4,p1,0.75
9,4,p2,0.75
9,4,p1,0.75
9,4,p2,0.75
9,4,p1,0.75
9,4,p2,0.7399999999906868
9,4,p1,0.75
9,4,p2,0.75
9,4,p1,0.4899999999906868
9,4,p2,0.5
9,5,p1,0.6200000001117587
9,5,p2,0.6299999998882413
9,5,p1,0.8699999998789281
9,5,p2,0.8799999998882413
9,5,p1,0.5
9,5,p2,0.5
9,5,p1,0.75
9,5,p2,0.75
9,5,p1,1
9,5,p2,1
9,5,p1,0.7399999999906868
9,5,p2,0.75
9,5,p1,1.0300000000279397
9,5,p2,0.8700000001117587
9,5,p1,0.75
9,5,p2,0.75
9,5,p1,0.8799999998882413
9,5,p2,0.8799999998882413
9,5,p1,0.7299999999813735
9,5,p2,0.75
9,6,p1,0.7299999999813735
9,6,p2,0.75
9,6,p1,0.8799999998882413
9,6,p2,0.8599999998696148
9,6,p1,0.5
9,6,p2,0.5
9,6,p1,1
9,6,p2,1
9,6,p1,0.7299999999813735
9,6,p2,0.7299999999813735
9,6,p1,0.9799999999813735
9,6,p2,1.0100000000093132
9,6,p1,0.75
9,6,p2,0.75
9,6,p1,0.8799999998882413
9,6,p2,0.8600000001024455
9,6,p1,0.75
9,6,p2,0.75
9,6,p1,0.75
9,6,p2,0.75
10,1,p1,0.3799999998882413
10,1,p2,0.42000000015832484
10,1,p1,0.22999999998137355
10,1,p2,0.25
10,1,p1,0.22999999998137355
10,1,p2,0.4100000001490116
10,1,p1,0.3799999998882413
10,1,p2,0.43999999994412065
10,1,p1,0.4299999999348074
10,1,p2,0.44999999995343387
10,1,p1,0.4100000001490116
10,1,p2,0.43999999994412065
10,1,p1,0.42000000015832484
10,1,p2,0.4199999999254942
10,1,p1,0.4899999999906868
10,1,p2,0.3899999998975545
10,1,p1,0.3899999998975545
10,1,p2,0.39000000013038516
10,1,p1,0.13000000012107193
10,1,p2,0.13999999989755452
10,2,p1,0.43999999994412065
10,2,p2,0.4599999999627471
10,2,p1,0.6999999999534339
10,2,p2,0.7099999999627471
10,2,p1,0.6799999999348074
10,2,p2,0.7000000001862645
10,2,p1,0.6899999999441206
10,2,p2,0.6700000001583248
10,2,p1,0.5500000000465661
10,2,p2,0.5300000000279397
10,2,p1,0.43999999994412065
10,2,p2,0.43999999994412065
10,2,p1,0.8500000000931323
10,2,p2,0.8600000001024455
10,2,p1,0.5600000000558794
10,2,p2,0.5800000000745058
10,2,p1,0.9399999999441206
10,2,p2,0.9799999999813735
10,2,p1,0.6999999999534339
10,2,p2,0.6900000001769513
10,3,p1,0.6999999999534339
10,3,p2,0.7600000000093132
10,3,p1,0.5699999998323619
10,3,p2,0.5600000000558794
10,3,p1,0.6899999999441206
10,3,p2,0.7000000001862645
10,3,p1,0.8000000000465661
10,3,p2,0.840000000083819
10,3,p1,0.5600000000558794
10,3,p2,0.5600000000558794
10,3,p1,1
10,3,p2,1.040000000037253
10,3,p1,0.9200000001583248
10,3,p2,1.1799999999348074
10,3,p1,0.9000000001396984
10,3,p2,0.9299999999348074
10,3,p1,0.909999999916181
10,3,p2,0.8300000000745058
10,3,p1,1.0800000000745058
10,3,p2,1.1200000001117587
10,4,p1,0.8000000000465661
10,4,p2,0.7900000000372529
10,4,p1,1
10,4,p2,0.9899999999906868
10,4,p1,0.5499999998137355
10,4,p2,0.5300000000279397
10,4,p1,1
10,4,p2,0.9799999999813735
10,4,p1,0.9400000001769513
10,4,p2,0.9399999999441206
10,4,p1,0.6700000001583248
10,4,p2,0.6499999999068677
10,4,p1,0.8799999998882413
10,4,p2,0.7900000000372529
10,4,p1,0.75
10,4,p2,0.75
10,4,p1,0.75
10,4,p2,0.75
10,4,p1,1
10,4,p2,1
10,5,p1,0.8599999998696148
10,5,p2,0.8700000001117587
10,5,p1,0.7399999999906868
10,5,p2,0.909999999916181
10,5,p1,0.8800000001210719
10,5,p2,0.8700000001117587
10,5,p1,0.75
10,5,p2,0.75
10,5,p1,0.8899999998975545
10,5,p2,0.8800000001210719
10,5,p1,0.75
10,5,p2,0.75
10,5,p1,0.8799999998882413
10,5,p2,0.8699999998789281
10,5,p1,1
10,5,p2,1
10,5,p1,1.1400000001303852
10,5,p2,1.1299999998882413
10,5,p1,0.7299999999813735
10,5,p2,0.75
10,6,p1,0.8900000001303852
10,6,p2,0.8600000001024455
10,6,p1,1.0200000000186265
10,6,p2,0.9799999999813735
10,6,p1,1.1299999998882413
10,6,p2,1.130000000121072
10,6,p1,1
10,6,p2,1.159999999916181
10,6,p1,0.8700000001117587
10,6,p2,0.8700000001117587
10,6,p1,0.8799999998882413
10,6,p2,0.8599999998696148
10,6,p1,0.75
10,6,p2,0.75
10,6,p1,0.8600000001024455
10,6,p2,0.8799999998882413
10,6,p1,0.8799999998882413
10,6,p2,0.8799999998882413
10,6,p1,1
10,6,p2,1
11,1,p1,0.11000000010244548
11,1,p2,0.1299999998882413
11,1,p1,0.3799999998882413
11,1,p2,0.3899999998975545
11,1,p1,0.3600000001024455
11,1,p2,0.39000000013038516
11,1,p1,0.3799999998882413
11,1,p2,0.36999999987892807
11,1,p1,0.3799999998882413
11,1,p2,0.38000000012107193
11,1,p1,0.3700000001117587
11,1,p2,0.3700000001117587
11,1,p1,0.3799999998882413
11,1,p2,0.36999999987892807
11,1,p1,0.38000000012107193
11,1,p2,0.3700000001117587
11,1,p1,0.3700000001117587
11,1,p2,0.36999999987892807
11,1,p1,0.25
11,1,p2,0.25
11,2,p1,0.8700000001117587
11,2,p2,0.8700000001117587
11,2,p1,0.3700000001117587
11,2,p2,0.3799999998882413
11,2,p1,0.75
11,2,p2,0.7399999999906868
11,2,p1,0.5
11,2,p2,0.5
11,2,p1,0.6100000001024455
11,2,p2,0.7800000000279397
11,2,p1,0.3799999998882413
11,2,p2,0.35999999986961484
11,2,p1,0.6199999998789281
11,2,p2,0.7000000001862645
11,2,p1,0.5600000000558794
11,2,p2,0.5
11,2,p1,0.3700000001117587
11,2,p2,0.3700000001117587
11,2,p1,0.5
11,2,p2,0.5100000000093132
11,3,p1,0.6100000001024455
11,3,p2,0.6200000001117587
11,3,p1,0.38000000012107193
11,3,p2,0.3899999998975545
11,3,p1,0.8599999998696148
11,3,p2,0.8799999998882413
11,3,p1,0.5200000000186265
11,3,p2,0.5
11,3,p1,0.75
11,3,p2,0.7399999999906868
11,3,p1,0.6199999998789281
11,3,p2,0.8700000001117587
11,3,p1,0.4899999999906868
11,3,p2,0.5
11,3,p1,0.7399999999906868
11,3,p2,0.7600000000093132
11,3,p1,0.6099999998696148
11,3,p2,0.6200000001117587
11,3,p1,0.75
11,3,p2,0.75
11,4,p1,0.75
11,4,p2,0.75
11,4,p1,0.8899999998975545
11,4,p2,0.8800000001210719
11,4,p1,0.8700000001117587
11,4,p2,0.8699999998789281
11,4,p1,1.1299999998882413
11,4,p2,1.279999999795109
11,4,p1,0.75
11,4,p2,0.7299999999813735
11,4,p1,0.7299999999813735
11,4,p2,0.75
11,4,p1,0.7299999999813735
11,4,p2,0.75
11,4,p1,0.6299999998882413
11,4,p2,0.6299999998882413
11,4,p1,0.8600000001024455
11,4,p2,0.8700000001117587
11,4,p1,0.75
11,4,p2,0.7299999999813735
11,5,p1,1
11,5,p2,1
11,5,p1,0.8700000001117587
11,5,p2,0.8800000001210719
11,5,p1,0.75
11,5,p2,0.75
11,5,p1,0.8899999998975545
11,5,p2,0.8800000001210719
11,5,p1,1
11,5,p2,1
11,5,p1,0.7700000000186265
11,5,p2,0.7399999999906868
11,5,p1,1
11,5,p2,1
11,5,p1,1.0500000000465661
11,5,p2,0.8600000001024455
11,5,p1,0.75
11,5,p2,0.7399999999906868
11,5,p1,0.8699999998789281
11,5,p2,0.8900000001303852
11,6,p1,1.1100000001024455
11,6,p2,1.1000000000931323
11,6,p1,1.2600000000093132
11,6,p2,1.2399999999906868
11,6,p1,1.1299999998882413
11,6,p2,1.1100000001024455
11,6,p1,1.25
11,6,p2,1.3899999998975545
11,6,p1,1.1600000001490116
11,6,p2,1.1399999998975545
11,6,p1,1.1499999999068677
11,6,p2,1.1200000001117587
11,6,p1,1
11,6,p2,1
11,6,p1,1.1099999998696148
11,6,p2,1.25
11,6,p1,1.2600000000093132
11,6,p2,1.0200000000186265
11,6,p1,0.8700000001117587
11,6,p2,0.8700000001117587
12,1,p1,0.36999999987892807
12,1,p2,0.39999999990686774
12,1,p1,0.3700000001117587
12,1,p2,0.3700000001117587
12,1,p1,0.3700000001117587
12,1,p2,0.3799999998882413
12,1,p1,0.36999999987892807
12,1,p2,0.3700000001117587
12,1,p1,0.38000000012107193
12,1,p2,0.3700000001117587
12,1,p1,0.36999999987892807
12,1,p2,0.3899999998975545
12,1,p1,0.3899999998975545
12,1,p2,0.3600000001024455
12,1,p1,0.3700000001117587
12,1,p2,0.36999999987892807
12,1,p1,0.3799999998882413
12,1,p2,0.3799999998882413
12,1,p1,0.3700000001117587
12,1,p2,0.3700000001117587
12,2,p1,0.3700000001117587
12,2,p2,0.3799999998882413
12,2,p1,0.6199999998789281
12,2,p2,0.6200000001117587
12,2,p1,0.4899999999906868
12,2,p2,0.5
12,2,p1,0.7399999999906868
12,2,p2,0.75
12,2,p1,0.6199999998789281
12,2,p2,0.6100000001024455
12,2,p1,0.7399999999906868
12,2,p2,0.7399999999906868
12,2,p1,0.6399999998975545
12,2,p2,0.3799999998882413
12,2,p1,0.7699999997857958
12,2,p2,0.75
12,2,p1,0.47999999998137355
12,2,p2,0.5
12,2,p1,0.6199999998789281
12,2,p2,0.6099999998696148
12,3,p1,1.0600000000558794
12,3,p2,1.1699999999254942
12,3,p1,0.7399999999906868
12,3,p2,0.75
12,3,p1,0.6299999998882413
12,3,p2,0.6199999998789281
12,3,p1,0.7300000002142042
12,3,p2,0.7700000000186265
12,3,p1,0.6100000001024455
12,3,p2,0.6299999998882413
12,3,p1,0.8599999998696148
12,3,p2,0.8999999999068677
12,3,p1,1.0100000000093132
12,3,p2,1
12,3,p1,0.75
12,3,p2,0.7399999999906868
12,3,p1,0.5100000000093132
12,3,p2,0.5
12,3,p1,1
12,3,p2,1
12,4,p1,0.8699999998789281
12,4,p2,0.6299999998882413
12,4,p1,0.75
12,4,p2,0.75
12,4,p1,0.7700000000186265
12,4,p2,0.7299999999813735
12,4,p1,0.75
12,4,p2,0.75
12,4,p1,0.9799999999813735
12,4,p2,1
12,4,p1,1
12,4,p2,1.1600000001490116
12,4,p1,0.8599999998696148
12,4,p2,0.8699999998789281
12,4,p1,1.0200000000186265
12,4,p2,1
12,4,p1,1.0700000000651926
12,4,p2,1
12,4,p1,0.8899999998975545
12,4,p2,0.8600000001024455
12,5,p1,0.75
12,5,p2,0.75
12,5,p1,0.8799999998882413
12,5,p2,0.8899999998975545
12,5,p1,0.7300000002142042
12,5,p2,0.75
12,5,p1,0.9899999999906868
12,5,p2,1
12,5,p1,0.8599999998696148
12,5,p2,0.8699999998789281
12,5,p1,0.9899999999906868
12,5,p2,1.0100000000093132
12,5,p1,0.7299999999813735
12,5,p2,0.75
12,5,p1,0.7299999999813735
12,5,p2,0.75
12,5,p1,1.2800000000279397
12,5,p2,1.1100000001024455
12,5,p1,1.2399999999906868
12,5,p2,1.25
12,6,p1,1
12,6,p2,1
12,6,p1,0.8599999998696148
12,6,p2,0.8700000001117587
12,6,p1,1.130000000121072
12,6,p2,1.1200000001117587
12,6,p1,1.119999999878928
12,6,p2,1.1299999998882413
12,6,p1,1.2299999999813735
12,6,p2,1.2399999999906868
12,6,p1,1.130000000121072
12,6,p2,1.1299999998882413
12,6,p1,1.2299999999813735
12,6,p2,1.2700000000186265
12,6,p1,0.8600000001024455
12,6,p2,1.1200000001117587
12,6,p1,1.4199999999254942
12,6,p2,1.25
12,6,p1,0.8799999998882413
12,6,p2,0.8599999998696148
